[
 {
   "Time": 0.02,
   "Giant": 0,
   "Skeleton": 0,
   "Eyeball": 0,
   "Wizard": 0,
   "Total": 0,
   "FIELD7": ""
 },
 {
   "Time": 15.00598,
   "Giant": 2,
   "Skeleton": 0,
   "Eyeball": 0,
   "Wizard": 0,
   "Total": 2,
   "FIELD7": ""
 },
 {
   "Time": 30.0039,
   "Giant": 5,
   "Skeleton": 0,
   "Eyeball": 0,
   "Wizard": 0,
   "Total": 5,
   "FIELD7": ""
 },
 {
   "Time": 45.01036,
   "Giant": 6,
   "Skeleton": 0,
   "Eyeball": 0,
   "Wizard": 0,
   "Total": 6,
   "FIELD7": ""
 },
 {
   "Time": 60.01169,
   "Giant": 6,
   "Skeleton": 0,
   "Eyeball": 3,
   "Wizard": 0,
   "Total": 9,
   "FIELD7": ""
 },
 {
   "Time": 75.0134,
   "Giant": 13,
   "Skeleton": 0,
   "Eyeball": 4,
   "Wizard": 0,
   "Total": 17,
   "FIELD7": ""
 },
 {
   "Time": 90.00164,
   "Giant": 13,
   "Skeleton": 0,
   "Eyeball": 4,
   "Wizard": 0,
   "Total": 17,
   "FIELD7": ""
 },
 {
   "Time": 105.0103,
   "Giant": 20,
   "Skeleton": 0,
   "Eyeball": 5,
   "Wizard": 0,
   "Total": 25,
   "FIELD7": ""
 },
 {
   "Time": 120.0053,
   "Giant": 20,
   "Skeleton": 0,
   "Eyeball": 7,
   "Wizard": 0,
   "Total": 27,
   "FIELD7": ""
 },
 {
   "Time": 135.006,
   "Giant": 20,
   "Skeleton": 0,
   "Eyeball": 7,
   "Wizard": 0,
   "Total": 27,
   "FIELD7": ""
 },
 {
   "Time": 150.0079,
   "Giant": 20,
   "Skeleton": 1,
   "Eyeball": 9,
   "Wizard": 0,
   "Total": 30,
   "FIELD7": ""
 },
 {
   "Time": 165.0048,
   "Giant": 20,
   "Skeleton": 4,
   "Eyeball": 14,
   "Wizard": 0,
   "Total": 38,
   "FIELD7": ""
 },
 {
   "Time": 180.0083,
   "Giant": 20,
   "Skeleton": 7,
   "Eyeball": 16,
   "Wizard": 0,
   "Total": 43,
   "FIELD7": ""
 },
 {
   "Time": 195.0095,
   "Giant": 20,
   "Skeleton": 7,
   "Eyeball": 16,
   "Wizard": 0,
   "Total": 43,
   "FIELD7": ""
 },
 {
   "Time": 210.0008,
   "Giant": 20,
   "Skeleton": 7,
   "Eyeball": 16,
   "Wizard": 2,
   "Total": 45,
   "FIELD7": ""
 },
 {
   "Time": 225.0008,
   "Giant": 20,
   "Skeleton": 7,
   "Eyeball": 16,
   "Wizard": 5,
   "Total": 48,
   "FIELD7": ""
 },
 {
   "Time": 240.0005,
   "Giant": 20,
   "Skeleton": 7,
   "Eyeball": 16,
   "Wizard": 8,
   "Total": 51,
   "FIELD7": ""
 },
 {
   "Time": 255.0033,
   "Giant": 20,
   "Skeleton": 7,
   "Eyeball": 16,
   "Wizard": 10,
   "Total": 53,
   "FIELD7": ""
 },
 {
   "Time": 270.0054,
   "Giant": 20,
   "Skeleton": 7,
   "Eyeball": 16,
   "Wizard": 11,
   "Total": 54,
   "FIELD7": ""
 },
 {
   "Time": 285.0067,
   "Giant": 20,
   "Skeleton": 7,
   "Eyeball": 16,
   "Wizard": 11,
   "Total": 54,
   "FIELD7": ""
 },
 {
   "Time": 300.0071,
   "Giant": 20,
   "Skeleton": 7,
   "Eyeball": 16,
   "Wizard": 11,
   "Total": 54,
   "FIELD7": ""
 },
 {
   "Time": 315.0066,
   "Giant": 20,
   "Skeleton": 7,
   "Eyeball": 17,
   "Wizard": 11,
   "Total": 55,
   "FIELD7": ""
 },
 {
   "Time": 330.0068,
   "Giant": 20,
   "Skeleton": 12,
   "Eyeball": 17,
   "Wizard": 15,
   "Total": 64,
   "FIELD7": ""
 },
 {
   "Time": 345.0089,
   "Giant": 21,
   "Skeleton": 16,
   "Eyeball": 24,
   "Wizard": 19,
   "Total": 80,
   "FIELD7": ""
 },
 {
   "Time": 360.0041,
   "Giant": 24,
   "Skeleton": 18,
   "Eyeball": 29,
   "Wizard": 23,
   "Total": 94,
   "FIELD7": ""
 },
 {
   "Time": 375.0027,
   "Giant": 24,
   "Skeleton": 18,
   "Eyeball": 31,
   "Wizard": 25,
   "Total": 98,
   "FIELD7": ""
 },
 {
   "Time": 390.0035,
   "Giant": 24,
   "Skeleton": 20,
   "Eyeball": 31,
   "Wizard": 25,
   "Total": 100,
   "FIELD7": ""
 },
 {
   "Time": 416.4358,
   "Giant": 26,
   "Skeleton": 21,
   "Eyeball": 31,
   "Wizard": 25,
   "Total": 103,
   "FIELD7": ""
 }
]