Runtime,Enabled AI Count,Disabled AI Count
0.016667,172,0
0.416667,0,172
0.75575,0,172
1.09027,0,172
1.425837,0,172
1.761095,0,172
2.096766,0,172
2.433856,0,172
2.772774,0,172
3.106113,0,172
3.439446,0,172
3.46904,0,172
3.506436,0,172
3.549171,0,172
3.593209,0,172
3.63486,0,172
3.675426,0,172
3.715724,0,172
3.755771,0,172
3.795461,0,172
3.823298,0,172
3.852152,0,172
3.876414,0,172
3.904202,0,172
3.930535,0,172
3.955115,0,172
3.97953,0,172
4.004199,0,172
4.028052,0,172
4.052147,0,172
4.0766,0,172
4.102921,0,172
4.128466,0,172
4.151963,0,172
4.176804,0,172
4.200826,0,172
4.225425,0,172
4.248993,0,172
4.273633,0,172
4.299062,0,172
4.325909,0,172
4.351916,0,172
4.380189,0,172
4.40672,0,172
4.43265,0,172
4.460546,0,172
4.485048,0,172
4.508253,0,172
4.538693,0,172
4.565334,0,172
4.590993,0,172
4.615706,0,172
4.643188,0,172
4.667494,0,172
4.693042,0,172
4.718689,0,172
4.747874,0,172
4.77514,0,172
4.799169,0,172
4.826881,0,172
4.853811,0,172
4.880019,0,172
4.90454,0,172
4.929603,0,172
4.956616,0,172
4.982725,0,172
5.007076,0,172
5.031451,0,172
5.05504,0,172
5.079674,0,172
5.103902,0,172
5.128106,0,172
5.15253,0,172
5.180968,0,172
5.20616,0,172
5.229471,0,172
5.256772,0,172
5.282668,0,172
5.30893,0,172
5.332292,0,172
5.357243,0,172
5.384696,0,172
5.417076,0,172
5.450487,0,172
5.480467,0,172
5.505754,0,172
5.530436,0,172
5.553866,0,172
5.578227,0,172
5.605282,0,172
5.631115,0,172
5.653853,0,172
5.679901,0,172
5.704361,0,172
5.728223,0,172
5.751473,0,172
5.776216,0,172
5.799001,0,172
5.826175,0,172
5.852271,0,172
5.875764,0,172
5.900396,0,172
5.925446,0,172
5.950091,0,172
5.974207,0,172
5.998778,0,172
6.025516,0,172
6.053061,0,172
6.079191,0,172
6.103874,0,172
6.130384,0,172
6.154913,0,172
6.180278,0,172
6.205386,0,172
6.230656,0,172
6.256901,0,172
6.282828,0,172
6.306948,0,172
6.331822,0,172
6.356904,0,172
6.381987,0,172
6.409676,0,172
6.435896,0,172
6.463843,0,172
6.490054,0,172
6.515299,0,172
6.541186,0,172
6.566281,0,172
6.591321,0,172
6.615896,0,172
6.641407,0,172
6.667059,0,172
6.693185,0,172
6.718505,0,172
6.743362,0,172
6.768494,0,172
6.792377,0,172
6.816779,0,172
6.841177,0,172
6.86745,0,172
6.895082,0,172
6.921033,0,172
6.945048,0,172
6.969309,0,172
6.99345,0,172
7.017919,0,172
7.041634,0,172
7.066073,0,172
7.090111,0,172
7.119396,0,172
7.145108,0,172
7.170271,0,172
7.196024,0,172
7.219842,0,172
7.243236,0,172
7.267413,0,172
7.290991,0,172
7.316636,0,172
7.341089,0,172
7.364852,0,172
7.38846,0,172
7.414093,0,172
7.438503,0,172
7.46262,0,172
7.487017,0,172
7.511106,0,172
7.537969,0,172
7.563015,0,172
7.588201,0,172
7.613081,0,172
7.638367,0,172
7.662807,0,172
7.688891,0,172
7.713856,0,172
7.742486,0,172
7.768229,0,172
7.793678,0,172
7.817693,0,172
7.844968,0,172
7.869546,0,172
7.893841,0,172
7.919,0,172
7.946757,0,172
7.97171,0,172
7.997053,0,172
8.021691,0,172
8.046292,0,172
8.07125,0,172
8.096328,0,172
8.121489,0,172
8.147869,0,172
8.172943,0,172
8.199996,0,172
8.225259,0,172
8.249438,0,172
8.273866,0,172
8.297985,0,172
8.321871,0,172
8.34781,0,172
8.372861,0,172
8.396901,0,172
8.421249,0,172
8.447308,0,172
8.472213,0,172
8.496949,0,172
8.520473,0,172
8.545697,0,172
8.5724,0,172
8.597378,0,172
8.622785,0,172
8.6457,0,172
8.671417,0,172
8.696639,0,172
8.721581,0,172
8.749125,0,172
8.776699,0,172
8.80233,0,172
8.827402,0,172
8.852235,0,172
8.876927,0,172
8.900702,0,172
8.926359,0,172
8.951191,0,172
8.979641,0,172
9.005332,0,172
9.031543,0,172
9.056083,0,172
9.081456,0,172
9.106128,0,172
9.131116,0,172
9.156964,0,172
9.184668,0,172
9.208892,0,172
9.23329,0,172
9.257244,0,172
9.281867,0,172
9.30444,0,172
9.329763,0,172
9.353568,0,172
9.380287,0,172
9.408391,0,172
9.435884,0,172
9.460906,0,172
9.485692,0,172
9.512625,0,172
9.539204,0,172
9.562994,0,172
9.588121,0,172
9.616431,0,172
9.642529,0,172
9.666672,0,172
9.691821,0,172
9.718562,0,172
9.744024,0,172
9.768904,0,172
9.796493,0,172
9.825283,0,172
9.852227,0,172
9.878334,0,172
9.90356,0,172
9.928371,0,172
9.954215,0,172
9.979808,0,172
10.005298,0,172
10.033483,0,172
10.059995,0,172
10.083503,0,172
10.108455,0,172
10.132471,0,172
10.158266,0,172
10.183921,0,172
10.208598,0,172
10.235467,0,172
10.262165,0,172
10.28824,0,172
10.312675,0,172
10.337317,0,172
10.361902,0,172
10.38625,0,172
10.410429,0,172
10.437387,0,172
10.464746,0,172
10.490207,0,172
10.513854,0,172
10.53805,0,172
10.562718,0,172
10.587092,0,172
10.611406,0,172
10.640483,0,172
10.66676,0,172
10.69208,0,172
10.719437,0,172
10.744254,0,172
10.770471,0,172
10.795999,0,172
10.820431,0,172
10.847034,0,172
10.873938,0,172
10.899156,0,172
10.923308,0,172
10.949276,0,172
10.973246,0,172
10.997219,0,172
11.02152,0,172
11.047473,0,172
11.073431,0,172
11.09798,0,172
11.122833,0,172
11.148619,0,172
11.172785,0,172
11.197415,0,172
11.222673,0,172
11.248384,0,172
11.274081,1,171
11.297057,1,171
11.321091,1,171
11.345088,1,171
11.369265,1,171
11.393881,1,171
11.418859,1,171
11.44313,1,171
11.471269,1,171
11.496628,1,171
11.520568,1,171
11.544828,1,171
11.56887,1,171
11.593454,1,171
11.61752,1,171
11.643004,1,171
11.668392,1,171
11.695446,1,171
11.721626,1,171
11.746744,1,171
11.771099,1,171
11.795717,1,171
11.820027,1,171
11.844508,1,171
11.869103,1,171
11.89584,1,171
11.922288,1,171
11.948433,2,170
11.97373,2,170
11.998591,3,169
12.024058,3,169
12.048783,3,169
12.07465,3,169
12.102654,3,169
12.129984,3,169
12.155479,3,169
12.181088,3,169
12.206632,4,168
12.231883,4,168
12.256445,4,168
12.282792,4,168
12.310725,4,168
12.337055,4,168
12.361281,4,168
12.386555,4,168
12.410557,4,168
12.436213,4,168
12.461527,4,168
12.486757,4,168
12.513568,4,168
12.540034,4,168
12.565532,4,168
12.592308,4,168
12.61722,4,168
12.643789,4,168
12.670897,4,168
12.697715,4,168
12.726139,4,168
12.754213,4,168
12.780245,4,168
12.806828,4,168
12.833575,4,168
12.86117,4,168
12.888332,4,168
12.915187,4,168
12.944777,4,168
12.97456,4,168
13.001366,4,168
13.028918,4,168
13.056909,4,168
13.087505,4,168
13.114298,4,168
13.142399,4,168
13.17312,4,168
13.203615,4,168
13.233366,4,168
13.263762,4,168
13.292357,4,168
13.321345,4,168
13.351374,4,168
13.38631,4,168
13.420285,4,168
13.450881,4,168
13.478784,4,168
13.50958,4,168
13.536999,4,168
13.569651,4,168
13.601604,4,168
13.637605,4,168
13.671824,4,168
13.705362,4,168
13.74112,4,168
13.775682,4,168
13.814015,4,168
13.849218,4,168
13.882101,4,168
13.912065,4,168
13.9439,4,168
13.974516,4,168
14.00739,4,168
14.040186,4,168
14.074267,4,168
14.111979,4,168
14.146868,4,168
14.182223,4,168
14.217982,4,168
14.256992,4,168
14.292847,4,168
14.327266,4,168
14.361009,4,168
14.395683,4,168
14.430993,4,168
14.470013,4,168
14.505825,4,168
14.5417,4,168
14.577001,4,168
14.611707,4,168
14.647218,4,168
14.684052,4,168
14.719822,4,168
14.761758,4,168
14.799313,4,168
14.837193,4,168
14.874221,4,168
14.911879,4,168
14.951858,4,168
14.98926,4,168
15.024611,4,168
15.061002,4,168
15.097781,4,168
15.140601,4,168
15.180596,4,168
15.219677,4,168
15.262938,4,168
15.299595,4,168
15.340363,4,168
15.380159,4,168
15.417251,4,168
15.457396,4,168
15.496627,4,168
15.532862,4,168
15.571203,4,168
15.610778,4,168
15.648034,4,168
15.687103,4,168
15.722603,4,168
15.760386,4,168
15.800144,4,168
15.840173,4,168
15.876661,4,168
15.915604,4,168
15.954378,4,168
15.993754,4,168
16.034918,4,168
16.073404,4,168
16.111448,4,168
16.149006,4,168
16.184927,4,168
16.222179,4,168
16.26409,4,168
16.306219,4,168
16.343872,4,168
16.381321,4,168
16.419771,4,168
16.456871,4,168
16.495138,4,168
16.533646,4,168
16.570795,4,168
16.605543,4,168
16.642248,4,168
16.678267,4,168
16.717836,4,168
16.756132,4,168
16.791874,4,168
16.828838,4,168
16.864975,4,168
16.902403,5,167
16.941086,5,167
16.977991,5,167
17.014803,5,167
17.050283,5,167
17.087116,5,167
17.12509,5,167
17.164131,5,167
17.201235,5,167
17.238596,5,167
17.275196,5,167
17.313398,5,167
17.348837,5,167
17.388163,5,167
17.42625,5,167
17.463482,5,167
17.49872,5,167
17.536079,5,167
17.571632,5,167
17.610689,5,167
17.648792,5,167
17.686186,5,167
17.722998,5,167
17.761753,5,167
17.798943,5,167
17.838894,5,167
17.87521,5,167
17.91247,5,167
17.950432,5,167
17.987326,5,167
18.023106,5,167
18.063011,5,167
18.10265,5,167
18.1399,5,167
18.177284,5,167
18.216242,5,167
18.253656,5,167
18.294617,5,167
18.333029,5,167
18.369493,5,167
18.406261,5,167
18.443621,5,167
18.480114,5,167
18.518789,5,167
18.555183,5,167
18.592573,5,167
18.629997,5,167
18.66824,5,167
18.703629,5,167
18.743839,5,167
18.781166,5,167
18.817801,5,167
18.856218,5,167
18.893312,5,167
18.93445,5,167
18.974398,5,167
19.012403,5,167
19.050039,5,167
19.086765,5,167
19.124992,5,167
19.164057,5,167
19.206041,5,167
19.246662,5,167
19.28574,5,167
19.325153,5,167
19.364092,5,167
19.405293,5,167
19.445427,5,167
19.483629,5,167
19.522017,5,167
19.560341,5,167
19.597725,5,167
19.638027,5,167
19.676331,5,167
19.713446,5,167
19.753159,5,167
19.791914,5,167
19.829939,5,167
19.86945,5,167
19.90996,5,167
19.946386,5,167
19.985334,5,167
20.024073,5,167
20.062801,5,167
20.104843,5,167
20.142742,5,167
20.18009,5,167
20.218224,5,167
20.256203,5,167
20.294914,5,167
20.335537,5,167
20.373764,5,167
20.411066,5,167
20.446751,5,167
20.483368,5,167
20.521717,5,167
20.559734,5,167
20.598875,5,167
20.635122,5,167
20.670511,5,167
20.705551,5,167
20.742819,5,167
20.781485,5,167
20.819906,5,167
20.856943,5,167
20.892506,5,167
20.929445,5,167
20.967077,5,167
21.008335,5,167
21.049398,5,167
21.086382,5,167
21.125536,5,167
21.163534,5,167
21.20204,5,167
21.24371,5,167
21.282099,5,167
21.320501,5,167
21.358248,5,167
21.395243,5,167
21.434576,5,167
21.476332,5,167
21.515011,5,167
21.551592,5,167
21.588024,5,167
21.625111,5,167
21.662643,5,167
21.703957,5,167
21.743107,5,167
21.781839,5,167
21.818886,5,167
21.860117,5,167
21.902588,5,167
21.944267,5,167
21.987455,5,167
22.026035,5,167
22.063747,5,167
22.101103,5,167
22.140297,5,167
22.180267,5,167
22.220442,5,167
22.256535,5,167
22.29425,5,167
22.329975,5,167
22.366104,5,167
22.404537,5,167
22.441542,5,167
22.478098,5,167
22.515947,5,167
22.552752,5,167
22.590075,5,167
22.629625,5,167
22.667868,5,167
22.7047,5,167
22.742735,5,167
22.780579,5,167
22.817598,5,167
22.857296,5,167
22.896477,5,167
22.933184,5,167
22.97098,5,167
23.013329,5,167
23.052401,5,167
23.093554,5,167
23.131639,5,167
23.171181,5,167
23.211029,4,168
23.248331,4,168
23.286716,4,168
23.328884,4,168
23.369482,4,168
23.407082,4,168
23.447302,4,168
23.48542,4,168
23.523754,4,168
23.564901,4,168
23.604141,4,168
23.64222,4,168
23.681768,4,168
23.720884,4,168
23.760033,4,168
23.800001,4,168
23.840225,4,168
23.879183,4,168
23.915514,4,168
23.952122,4,168
23.989744,4,168
24.029013,4,168
24.067736,4,168
24.104494,4,168
24.141249,4,168
24.178467,4,168
24.215576,4,168
24.256172,4,168
24.295338,4,168
24.332825,4,168
24.371431,4,168
24.408001,4,168
24.444231,4,168
24.484486,4,168
24.52314,4,168
24.559147,4,168
24.596245,4,168
24.634222,4,168
24.671631,4,168
24.711664,4,168
24.749773,4,168
24.78714,4,168
24.824396,4,168
24.860802,4,168
24.89687,4,168
24.938143,4,168
24.977381,4,168
25.014181,4,168
25.051142,4,168
25.089045,4,168
25.125982,4,168
25.16596,4,168
25.202948,4,168
25.239094,4,168
25.275389,4,168
25.311338,4,168
25.347479,4,168
25.38699,4,168
25.423855,4,168
25.461004,4,168
25.498501,4,168
25.534559,4,168
25.570805,4,168
25.609797,4,168
25.645864,4,168
25.681669,4,168
25.716614,4,168
25.751749,4,168
25.787682,4,168
25.827784,4,168
25.864502,4,168
25.901026,4,168
25.937647,4,168
25.971828,4,168
26.007448,4,168
26.048759,4,168
26.085819,4,168
26.124344,4,168
26.16128,4,168
26.197828,4,168
26.234989,4,168
26.251656,4,168
26.284803,4,168
26.319929,4,168
26.353857,4,168
26.388554,4,168
26.427052,4,168
26.46644,4,168
26.504435,4,168
26.539879,4,168
26.575558,4,168
26.610428,4,168
26.646145,4,168
26.68129,4,168
26.718493,4,168
26.75412,4,168
26.788992,4,168
26.824326,4,168
26.858648,4,168
26.894644,4,168
26.930496,4,168
26.966515,4,168
27.000572,4,168
27.035954,4,168
27.071384,4,168
27.105988,4,168
27.144876,4,168
27.180267,4,168
27.215757,4,168
27.251472,4,168
27.286997,4,168
27.322367,4,168
27.359539,4,168
27.395908,4,168
27.430576,4,168
27.465685,4,168
27.503695,4,168
27.539118,4,168
27.57896,4,168
27.614424,4,168
27.650146,5,167
27.686983,5,167
27.721394,5,167
27.75639,5,167
27.795076,5,167
27.830992,5,167
27.865679,5,167
27.900888,5,167
27.937441,5,167
27.974203,5,167
28.013174,5,167
28.049328,5,167
28.087761,5,167
28.126575,5,167
28.16246,5,167
28.200272,5,167
28.238304,5,167
28.280548,5,167
28.316296,5,167
28.354189,5,167
28.389273,5,167
28.425022,5,167
28.463388,4,167
28.505222,4,167
28.540417,4,167
28.576817,4,167
28.613178,4,167
28.649641,4,167
28.687786,4,167
28.725513,4,167
28.762007,4,167
28.798334,4,167
28.834101,4,167
28.871677,4,167
28.910421,4,167
28.947285,4,167
28.982704,4,167
29.019728,4,167
29.055756,4,167
29.092054,4,167
29.13022,4,167
29.167208,4,167
29.203236,4,167
29.239143,3,167
29.28294,3,167
29.31953,3,167
29.357016,3,167
29.39348,3,167
29.42889,3,167
29.465269,3,167
29.502754,3,167
29.53974,3,167
29.577557,3,167
29.615389,3,167
29.650326,3,167
29.685936,3,167
29.722902,3,167
29.75786,3,167
29.796883,3,167
29.832541,3,167
29.866724,3,167
29.901482,3,167
29.936392,3,167
29.973076,3,167
30.012648,2,167
30.052505,2,167
30.087719,2,167
30.123549,2,167
30.159485,2,167
30.196272,2,167
30.234589,2,167
30.271379,2,167
30.312916,2,167
30.348555,2,167
30.385832,2,167
30.423016,2,167
30.461248,2,167
30.498472,2,167
30.534515,2,167
30.5723,2,167
30.608047,2,167
30.644131,2,167
30.682043,2,167
30.719757,2,167
30.755709,2,167
30.790838,2,167
30.827599,2,167
30.863789,2,167
30.90184,2,167
30.939426,2,167
30.975471,2,167
31.012123,2,167
31.047249,2,167
31.083439,2,167
31.120657,2,167
31.157688,1,167
31.195713,1,167
31.231647,1,167
31.271357,1,167
31.316029,1,167
31.353771,1,167
31.391043,1,167
31.427532,1,167
31.464064,1,167
31.501493,1,167
31.536606,1,167
31.574694,1,167
31.611206,2,167
31.652946,2,167
31.688555,2,167
31.724041,2,167
31.761133,2,167
31.798277,2,167
31.835415,2,167
31.871513,2,167
31.906612,2,167
31.943823,2,167
31.979723,2,167
32.018761,2,167
32.056435,2,167
32.091507,2,167
32.127316,2,167
32.163136,2,167
32.198814,2,167
32.241383,2,167
32.279945,2,167
32.325546,2,167
32.359547,1,167
32.395962,1,167
32.43372,1,167
32.470062,1,167
32.507763,1,167
32.543591,1,167
32.579205,1,167
32.613628,1,167
32.649475,1,167
32.689629,1,167
32.729725,1,167
32.769802,1,167
32.807209,1,167
32.843761,1,167
32.878975,1,167
32.917904,1,167
32.955082,1,167
32.990921,1,167
33.02734,1,167
33.06385,1,167
33.099739,1,167
33.139072,1,167
33.17564,1,167
33.212372,1,167
33.2472,1,167
33.284039,1,167
33.325825,1,167
33.364914,1,167
33.400616,1,167
33.435726,1,167
33.472553,1,167
33.507973,1,167
33.543316,1,167
33.581444,1,167
33.617508,1,167
33.653812,1,167
33.692604,1,167
33.729107,1,167
33.765152,1,167
33.804798,1,167
33.842182,1,167
33.879051,1,167
33.915276,1,167
33.951099,1,167
33.988781,1,167
34.028736,1,167
34.065845,1,167
34.103336,1,167
34.13982,1,167
34.177837,1,167
34.21484,1,167
34.255466,1,167
34.293064,1,167
34.331547,1,167
34.369148,1,167
34.405079,1,167
34.44091,1,167
34.482655,1,167
34.520454,1,167
34.558701,1,167
34.594231,1,167
34.630066,1,167
34.667507,1,167
34.706566,1,167
34.743473,1,167
34.778397,1,167
34.813698,1,167
34.848427,1,167
34.883373,1,167
34.922588,1,167
34.958286,1,167
34.996071,1,167
35.0317,1,167
35.066746,1,167
35.101414,1,167
35.141445,1,167
35.177212,1,167
35.212967,1,167
35.249134,1,167
35.286045,1,167
35.32634,1,167
35.370663,1,167
35.407642,1,167
35.447311,1,167
35.483173,1,167
35.525288,1,167
35.565025,1,167
35.605461,1,167
35.64616,1,167
35.686855,1,167
35.725018,1,167
35.762493,1,167
35.804241,1,167
35.850307,1,167
35.888302,1,167
35.925755,1,167
35.964294,1,167
36.002697,1,167
36.040619,1,167
36.079487,1,167
36.115643,1,167
36.15295,1,167
36.193039,1,167
36.233459,1,167
36.270184,1,167
36.312435,1,167
36.349789,1,167
36.386234,1,167
36.422901,1,167
36.459888,1,167
36.49865,1,167
36.541096,1,167
36.5812,1,167
36.61927,1,167
36.656395,1,167
36.693138,1,167
36.730064,1,167
36.76931,1,167
36.806965,1,167
36.847012,1,167
36.882721,1,167
36.9188,1,167
36.954945,1,167
36.994999,1,167
37.03281,1,167
37.068985,1,167
37.10474,1,167
37.140888,1,167
37.176426,1,167
37.216324,1,167
37.252213,1,167
37.28949,1,167
37.32687,1,167
37.364674,1,167
37.401035,1,167
37.44278,1,167
37.480305,1,167
37.518764,1,167
37.555122,1,167
37.591164,1,167
37.62804,1,167
37.668671,1,167
37.70525,1,167
37.740349,1,167
37.775246,1,167
37.811672,1,167
37.847401,1,167
37.888203,1,167
37.926529,1,167
37.962414,1,167
37.996662,1,167
38.033855,1,167
38.069679,1,167
38.107506,1,167
38.144032,1,167
38.180145,1,167
38.215073,1,167
38.249805,1,167
38.285637,1,167
38.323952,1,167
38.359844,1,167
38.396412,1,167
38.437866,1,167
38.473198,1,167
38.507385,1,167
38.546791,1,167
38.582008,1,167
38.618828,1,167
38.654247,1,167
38.688759,1,167
38.723804,1,167
38.761734,1,167
38.800617,1,167
38.836552,1,167
38.871868,1,167
38.907284,1,167
38.943153,1,167
38.982155,1,167
39.018639,1,167
39.055187,1,167
39.090549,1,167
39.126209,1,167
39.160435,1,167
39.198647,1,167
39.236759,1,167
39.272148,1,167
39.307579,1,167
39.342793,1,167
39.377953,1,167
39.416595,1,167
39.45256,1,167
39.487686,1,167
39.5224,1,167
39.557858,1,167
39.592972,1,167
39.634789,1,167
39.676174,1,167
39.711788,1,167
39.746578,1,167
39.783394,1,167
39.819752,1,167
39.859215,1,167
39.89579,1,167
39.932167,0,167
39.973061,0,167
40.010372,0,167
40.045742,0,167
40.08474,0,167
40.120106,0,167
40.156624,0,167
40.191742,0,167
40.22723,0,167
40.262978,0,167
40.300949,0,167
40.338585,0,167
40.376053,0,167
40.411743,0,167
40.44838,0,167
40.493584,0,167
40.532913,0,167
40.568317,0,167
40.603218,0,167
40.638054,0,167
40.673893,0,167
40.709763,0,167
40.747337,0,167
40.783741,0,167
40.819126,0,167
40.855167,0,167
40.88884,0,167
40.924469,1,167
40.967724,1,167
41.00462,1,167
41.040386,1,167
41.07793,1,167
41.112431,1,167
41.150047,1,167
41.187836,1,167
41.223572,1,167
41.258541,1,167
41.295204,1,167
41.331287,1,167
41.366711,1,167
41.405334,1,167
41.441101,1,167
41.476498,1,167
41.518673,1,167
41.554157,1,167
41.591316,1,167
41.629902,1,167
41.666649,1,167
41.70406,1,167
41.741238,1,167
41.778263,1,167
41.815239,1,167
41.852554,1,167
41.888577,1,167
41.925194,1,167
41.96006,1,167
41.994244,1,167
42.02948,1,167
42.06699,1,167
42.104488,1,167
42.141544,1,167
42.17868,1,167
42.215378,1,167
42.251137,1,167
42.289288,1,167
42.325813,1,167
42.361778,1,167
42.398781,4,167
42.445801,4,167
42.482609,4,167
42.525543,4,167
42.562862,4,167
42.599751,4,167
42.63625,4,167
42.673145,4,167
42.709335,4,167
42.74976,4,167
42.786434,4,167
42.822819,4,167
42.858551,4,167
42.897194,4,167
42.933239,4,167
42.970638,4,167
43.007278,4,167
43.04351,4,167
43.079712,4,167
43.115257,4,167
43.151672,4,167
43.190079,4,167
43.226589,4,167
43.261181,4,167
43.297115,4,167
43.331894,4,167
43.36684,4,167
43.404915,4,167
43.441032,4,167
43.475811,4,167
43.512806,4,167
43.54771,4,167
43.583744,4,167
43.622124,4,167
43.658508,4,167
43.693867,4,167
43.72934,4,167
43.764679,4,167
43.800549,4,167
43.837555,4,167
43.874065,4,167
43.908443,4,167
43.945023,4,167
43.979301,4,167
44.014534,4,167
44.052608,4,167
44.088528,4,167
44.125244,4,167
44.160645,4,167
44.196198,4,167
44.231468,4,167
44.269829,4,167
44.311962,4,167
44.347298,4,167
44.382263,4,167
44.417336,4,167
44.452381,4,167
44.489967,4,167
44.526901,4,167
44.562996,4,167
44.60067,4,167
44.635773,4,167
44.671944,4,167
44.709808,4,167
44.746822,4,167
44.781334,4,167
44.816956,4,167
44.851852,4,167
44.88673,4,167
44.926403,4,167
44.9632,4,167
44.998981,4,167
45.037014,4,167
45.072002,4,167
45.107162,4,167
45.145157,4,167
45.181828,4,167
45.216305,4,167
45.251701,4,167
45.288582,4,167
45.323547,4,167
45.360798,4,167
45.398262,4,167
45.433018,4,167
45.468479,4,167
45.504856,4,167
45.542866,4,167
45.586834,4,167
45.624729,4,167
45.66058,4,167
45.696911,4,167
45.732639,4,167
45.768551,4,167
45.807766,4,167
45.843952,4,167
45.878277,4,167
45.913662,4,167
45.949772,4,167
45.986664,4,167
46.026123,4,167
46.062366,4,167
46.097603,4,167
46.134182,4,167
46.170273,4,167
46.206432,4,167
46.244537,4,167
46.280548,4,167
46.316338,4,167
46.352356,4,167
46.38662,4,167
46.424183,4,167
46.462734,4,167
46.499783,4,167
46.536213,4,167
46.572067,4,167
46.606777,3,167
46.648346,3,167
46.686878,3,167
46.72308,3,167
46.758175,3,167
46.794899,3,167
46.830345,3,167
46.86684,3,167
46.905838,3,167
46.944546,3,167
46.979843,3,167
47.016068,3,167
47.052757,3,167
47.089508,3,167
47.127201,3,167
47.165543,3,167
47.200375,3,167
47.236397,3,167
47.271542,3,167
47.309246,3,167
47.347279,3,167
47.384892,3,167
47.421864,3,167
47.457737,3,167
47.49342,3,167
47.529583,3,167
47.567192,3,167
47.604935,3,167
47.646366,3,167
47.683399,3,167
47.718433,3,167
47.754883,3,167
47.792252,3,167
47.828701,3,167
47.863224,3,167
47.8983,3,167
47.932617,4,167
47.972488,4,167
48.010155,4,167
48.04707,4,167
48.08366,4,167
48.119015,4,167
48.155003,4,167
48.19138,4,167
48.229176,4,167
48.267719,4,167
48.303848,4,167
48.339134,4,167
48.375504,4,167
48.411995,4,167
48.450897,4,167
48.487389,4,167
48.523056,4,167
48.558224,3,167
48.59753,3,167
48.632748,3,167
48.67643,3,167
48.7118,3,167
48.746895,3,167
48.784069,3,167
48.820049,3,167
48.856922,3,167
48.894928,3,167
48.932167,3,167
48.9683,3,167
49.002632,3,167
49.03775,3,167
49.073196,3,167
49.111271,3,167
49.149372,3,167
49.185192,3,167
49.220165,3,167
49.255806,3,167
49.291676,3,167
49.330593,3,167
49.366989,3,167
49.402679,3,167
49.437691,3,167
49.474533,3,167
49.508953,3,167
49.548256,3,167
49.584141,3,167
49.621613,3,167
49.659901,3,167
49.694942,3,167
49.730923,3,167
49.769402,3,167
49.806404,3,167
49.842216,3,167
49.876385,3,167
49.912491,3,167
49.947575,3,167
49.987732,3,167
50.024288,3,167
50.059742,3,167
50.095062,3,167
50.131275,3,167
50.167938,3,167
50.207417,3,167
50.244144,3,167
50.279209,3,167
50.314491,3,167
50.349522,3,167
50.384739,3,167
50.422703,3,167
50.460705,3,167
50.496956,3,167
50.532433,3,167
50.570213,3,167
50.606678,3,167
50.645275,3,167
50.681789,3,167
50.723526,3,167
50.759769,3,167
50.796028,3,167
50.832558,3,167
50.937977,3,167
50.973476,3,167
51.008919,3,167
51.04459,3,167
51.083103,3,167
51.11879,3,167
51.153576,3,167
51.189468,3,167
51.226257,3,167
51.261673,3,167
51.299458,3,167
51.335835,3,167
51.373283,3,167
51.407887,3,167
51.443794,3,167
51.478561,3,167
51.517345,3,167
51.552353,3,167
51.587616,3,167
51.623932,3,167
51.659637,3,167
51.695347,3,167
51.735939,3,167
51.772915,3,167
51.808384,3,167
51.843872,3,167
51.879044,3,167
51.914654,3,167
51.953293,3,167
51.988876,3,167
52.025692,3,167
52.061008,3,167
52.098007,3,167
52.133926,3,167
52.173473,3,167
52.210114,3,167
52.2467,3,167
52.283707,3,167
52.320202,3,167
52.355541,3,167
52.39542,3,167
52.432602,3,167
52.479485,3,167
52.516514,3,167
52.553741,3,167
52.589012,3,167
52.629578,3,167
52.666279,3,167
52.702274,3,167
52.738052,3,167
52.775089,3,167
52.810123,3,167
52.850529,3,167
52.88702,3,167
52.923237,3,167
52.959919,3,167
52.996605,3,167
53.032524,3,167
53.073357,3,167
53.109417,3,167
53.148888,3,167
53.18642,3,167
53.223591,3,167
53.259743,3,167
53.299633,3,167
53.335831,3,167
53.372601,3,167
53.411259,3,167
53.44717,3,167
53.483707,3,167
53.52496,3,167
53.561531,3,167
53.597797,3,167
53.633911,3,167
53.673409,3,167
53.71143,3,167
53.751904,3,167
53.790462,3,167
53.826099,3,167
53.86235,3,167
53.898182,3,167
53.93446,3,167
53.973232,3,167
54.010201,3,167
54.046585,3,167
54.082943,3,167
54.119629,3,167
54.155087,3,167
54.193867,3,167
54.230446,3,167
54.266342,3,167
54.302502,3,167
54.338284,3,167
54.374737,3,167
54.413616,3,167
54.451519,1,169
54.483898,1,169
54.518959,1,169
54.55101,1,169
54.580269,1,169
54.615612,1,169
54.646397,0,170
54.680523,0,170
54.724979,0,170
54.767406,0,170
54.797871,0,170
54.839191,0,170
54.869625,0,170
54.899864,0,170
54.945129,0,170
54.97776,0,170
55.007557,0,170
55.040791,0,170
55.069832,0,170
55.100925,0,170
55.129078,0,170
55.159367,0,170
55.189537,0,170
55.221066,0,170
55.252544,0,170
55.284336,0,170
55.315372,0,170
55.345123,0,170
55.374249,0,170
55.405533,0,170
55.435543,0,170
55.468155,0,170
55.499653,0,170
55.530304,0,170
55.558949,0,170
55.592003,0,170
55.623554,0,170
55.654903,0,170
55.686913,0,170
55.717709,0,170
55.746731,0,170
55.777264,0,170
55.806362,0,170
55.835735,0,170
55.865559,0,170
55.898582,0,170
55.926907,0,170
55.95647,0,170
55.985771,0,170
56.016521,0,170
56.046303,0,170
56.077271,0,170
56.110687,0,170
56.143639,0,170
56.172764,0,170
56.207016,0,170
56.239178,0,170
56.270397,0,170
56.302837,0,170
56.335201,0,170
56.367676,0,170
56.397675,0,170
56.431015,0,170
56.464352,0,170
56.498531,0,170
56.53492,0,170
56.570045,0,170
56.605309,0,170
56.639984,0,170
56.674957,0,170
56.711506,0,170
56.747013,0,170
56.786224,0,170
56.821354,0,170
56.856346,0,170
56.891438,0,170
56.926586,0,170
56.961475,0,170
56.999271,0,170
57.036037,1,169
57.071918,1,169
57.107815,1,169
57.1455,1,169
57.181679,1,169
57.220364,1,169
57.257923,1,169
57.295792,1,169
57.331532,1,169
57.368496,1,169
57.403728,1,169
57.441833,1,169
57.478718,1,169
57.514572,1,169
57.549625,1,169
57.586807,1,169
57.624081,1,169
57.662189,1,169
57.698811,1,169
57.735626,1,169
57.772873,1,169
57.810745,1,169
57.8475,1,169
57.887596,2,168
57.924591,2,168
57.960999,2,168
57.99881,2,168
58.036495,2,168
58.07449,2,168
58.115685,2,168
58.155849,2,168
58.192013,2,168
58.228573,2,168
58.268311,2,168
58.308746,2,168
58.348495,2,168
58.385456,2,168
58.423458,2,168
58.459595,2,168
58.498615,2,168
58.535625,2,168
58.579727,3,167
58.618568,3,167
58.657909,3,167
58.695805,3,167
58.735332,3,167
58.773964,3,167
58.815426,3,167
58.853569,3,167
58.892429,3,167
58.929955,3,167
58.967766,3,167
59.006649,3,167
59.047676,3,167
59.088852,3,167
59.128822,3,167
59.166527,3,167
59.20438,3,167
59.243652,3,167
59.285027,3,167
59.323868,3,167
59.362606,3,167
59.400169,3,167
59.439342,3,167
59.478775,3,167
59.520031,3,167
59.559101,3,167
59.596249,3,167
59.634377,3,167
59.67561,3,167
59.713158,3,167
59.753315,3,167
59.791309,3,167
59.828671,3,167
59.866806,3,167
59.907505,3,167
59.949783,3,167
59.992249,3,167
60.034664,3,167
60.08107,3,167
60.118927,3,167
60.160378,3,167
60.201859,3,167
60.243877,3,167
60.282913,3,167
60.324085,3,167
60.362942,3,167
60.404427,3,167
60.443958,3,167
60.483574,3,167
60.521435,3,167
60.560143,3,167
60.599339,3,167
60.641434,3,167
60.682034,3,167
60.722,3,167
60.760918,3,167
60.800926,3,167
60.84692,3,167
60.888203,3,167
60.925354,3,167
60.964592,3,167
61.003246,3,167
61.049034,3,167
61.094955,3,167
61.135147,3,167
61.1744,3,167
61.214836,3,167
61.255035,3,167
61.295586,3,167
61.335648,3,167
61.377041,3,167
61.416496,3,167
61.459335,3,167
61.50312,3,167
61.544052,3,167
61.584129,3,167
61.625782,3,167
61.670811,3,167
61.711712,3,167
61.75243,3,167
61.795692,3,167
61.83567,3,167
61.879715,3,167
61.925037,3,167
61.973026,3,167
62.013317,3,167
62.05489,3,167
62.096817,3,167
62.139271,3,167
62.178596,3,167
62.222317,3,167
62.26849,3,167
62.31348,3,167
62.360371,3,167
62.400867,3,167
62.443085,3,167
62.485275,3,167
62.53109,3,167
62.583851,3,167
62.625622,3,167
62.671127,3,167
62.712654,3,167
62.757408,3,167
62.799812,3,167
62.84507,18,167
62.914314,25,166
62.970982,25,166
63.015388,25,166
63.061356,26,165
63.105347,26,165
63.151314,26,165
63.200962,26,165
63.25042,26,165
63.295483,26,165
63.343578,25,166
63.389839,24,167
63.438183,24,167
63.486347,24,167
63.534428,24,167
63.586983,24,167
63.633839,24,167
63.682507,24,167
63.731441,24,167
63.776752,24,167
63.822197,24,167
63.868729,24,167
63.93264,24,167
63.977413,24,167
64.022987,24,167
64.066422,24,167
64.112755,24,167
64.158615,24,167
64.20488,24,167
64.249184,24,167
64.293312,25,166
64.336304,25,166
64.382652,25,166
64.429192,26,165
64.475868,26,165
64.519897,28,163
64.563957,29,162
64.613297,32,159
64.660385,33,158
64.706123,33,158
64.755089,35,156
64.800133,35,156
64.848068,36,155
64.894333,36,155
64.940117,36,155
64.989029,37,154
65.038521,37,154
65.087044,37,154
65.133575,37,154
65.18293,37,154
65.227531,37,154
65.274055,37,154
65.327148,37,154
65.37545,37,154
65.419823,37,154
65.467087,37,154
65.516861,37,154
65.567711,37,154
65.618851,37,154
65.66687,37,154
65.712685,37,154
65.759598,37,154
65.810951,37,154
65.858696,37,154
65.906563,37,154
65.956253,37,154
66.002296,37,154
66.050278,37,154
66.096794,37,154
66.14328,37,154
66.191856,37,154
66.24086,38,153
66.290497,38,153
66.338196,38,153
66.385193,38,153
66.430504,38,153
66.488297,38,153
66.543488,38,153
66.590759,38,153
66.638405,39,152
66.685799,39,152
66.732567,39,152
66.784157,40,151
66.834671,40,151
66.881271,40,151
66.928581,40,151
66.973778,41,150
67.026047,41,150
67.075821,41,150
67.12355,41,150
67.170013,42,149
67.21769,42,149
67.268547,42,149
67.317238,42,149
67.368011,42,149
67.412712,42,149
67.457253,42,149
67.506424,42,149
67.554878,42,149
67.600906,42,149
67.649811,42,149
67.69812,42,149
67.747581,42,149
67.795197,42,149
67.840561,42,149
67.887741,42,149
67.936516,42,149
67.987625,42,149
68.034355,42,149
68.080429,42,149
68.127716,42,149
68.175896,42,149
68.227791,42,149
68.276489,42,149
68.325195,42,149
68.371712,42,149
68.418335,42,149
68.467735,42,149
68.518501,42,149
68.568695,42,149
68.619537,42,149
68.67115,42,149
68.720184,42,149
68.768044,42,149
68.817749,42,149
68.865707,42,149
68.91552,42,149
68.966141,42,149
69.022217,42,149
69.068352,42,149
69.120308,42,149
69.171547,42,149
69.221367,42,149
69.268082,42,149
69.315399,42,149
69.365387,42,149
69.415703,41,149
69.467323,41,149
69.518059,41,149
69.568794,41,149
69.617462,41,149
69.665962,41,149
69.71637,41,149
69.765251,41,149
69.819557,41,149
69.87294,41,149
69.922562,41,149
69.975311,41,149
70.03775,40,149
70.088722,40,149
70.137138,40,149
70.182709,40,149
70.230873,40,149
70.278496,40,149
70.332184,40,149
70.380745,40,149
70.42807,40,149
70.478424,40,149
70.526642,40,149
70.576363,40,149
70.628052,40,149
70.67852,40,149
70.729164,40,149
70.781921,40,149
70.831017,40,149
70.87957,40,149
70.931206,40,149
70.979546,40,149
71.026482,40,149
71.07959,40,149
71.129898,40,149
71.179115,40,149
71.229553,39,149
71.281151,39,149
71.337624,39,149
71.388306,39,149
71.434982,39,149
71.482948,39,149
71.536888,39,149
71.585335,39,149
71.633728,39,149
71.682487,39,149
71.732185,39,149
71.782776,39,149
71.835182,39,149
71.886993,39,149
71.93483,39,149
71.983742,39,149
72.031837,39,149
72.089867,39,149
72.137062,39,149
72.186806,39,149
72.236641,39,149
72.284737,39,149
72.331093,39,149
72.379868,39,149
72.431793,39,149
72.479187,39,149
72.525215,39,149
72.57634,39,149
72.622284,39,149
72.673805,39,149
72.723679,39,149
72.773132,39,149
72.820435,39,149
72.868813,39,149
72.919006,39,149
72.975311,39,149
73.024498,39,149
73.072716,39,149
73.132523,38,149
73.182892,38,149
73.229912,38,149
73.277893,38,149
73.330933,38,149
73.379486,38,149
73.427238,38,149
73.471687,38,149
73.518684,38,149
73.567657,38,149
73.618256,38,149
73.666397,38,149
73.712776,38,149
73.758759,38,149
73.80867,38,149
73.860832,38,149
73.912262,38,149
73.960281,37,150
74.010399,38,149
74.056686,38,149
74.102989,39,148
74.15419,39,148
74.200111,39,148
74.250275,39,148
74.297401,39,148
74.342995,39,148
74.390121,39,148
74.43618,39,148
74.486855,39,148
74.534271,39,148
74.579659,39,148
74.627853,38,149
74.672211,38,149
74.72216,39,148
74.770111,39,148
74.820175,39,148
74.867439,39,148
74.914795,38,149
74.965744,38,149
75.013321,38,149
75.062469,39,148
75.110039,38,149
75.15773,38,149
75.205887,38,149
75.25547,38,149
75.302483,38,149
75.350693,38,149
75.398079,36,151
75.44751,35,152
75.494972,35,152
75.540367,35,152
75.585548,35,152
75.633179,35,152
75.681961,35,152
75.72863,35,152
75.776878,35,152
75.825645,35,152
75.874313,35,152
75.92659,35,152
75.975037,35,152
76.022545,35,152
76.068886,35,152
76.117126,35,152
76.165993,35,152
76.215836,35,152
76.264275,35,152
76.313606,35,152
76.362991,35,152
76.410179,35,152
76.456657,35,152
76.504326,35,152
76.549149,35,152
76.594055,35,152
76.641922,35,152
76.687347,35,152
76.735054,35,152
76.78199,35,152
76.82708,35,152
76.875114,35,152
76.923401,35,152
76.97049,35,152
77.01548,35,152
77.062065,35,152
77.110832,35,152
77.156837,35,152
77.200821,35,152
77.24649,35,152
77.295113,35,152
77.34523,35,152
77.391914,35,152
77.437851,35,152
77.484818,35,152
77.529549,35,152
77.578972,35,152
77.631668,35,152
77.67868,35,152
77.727859,35,152
77.774796,35,152
77.834351,35,152
77.898254,35,152
77.945656,35,152
77.991791,35,152
78.040665,35,152
78.088348,35,152
78.134712,35,152
78.183411,35,152
78.231323,35,152
78.283295,35,152
78.333626,35,152
78.377693,35,152
78.42498,35,152
78.470543,35,152
78.522072,35,152
78.568581,35,152
78.614655,35,152
78.660645,35,152
78.707367,36,151
78.756508,36,151
78.805931,36,151
78.853073,37,150
78.90184,38,149
78.948669,38,149
79.001312,38,149
79.048256,38,149
79.097153,38,149
79.144119,38,149
79.190994,38,149
79.241058,38,149
79.291283,39,148
79.337692,39,148
79.386269,40,147
79.434608,40,147
79.48423,40,147
79.53492,40,147
79.583405,40,147
79.630447,40,147
79.680382,40,147
79.733879,40,147
79.781914,40,147
79.829681,40,147
79.87896,39,148
79.928581,38,149
79.980354,38,149
80.028748,38,149
80.077606,40,149
80.128685,40,149
80.177895,40,149
80.226433,40,149
80.283974,39,150
80.332382,39,150
80.381859,39,150
80.430016,39,150
80.476639,39,150
80.522774,39,150
80.57267,39,150
80.62188,39,150
80.669884,39,150
80.719406,39,150
80.765915,39,150
80.812798,39,150
80.865891,39,150
80.915619,39,150
80.960358,39,150
81.005959,39,150
81.05352,39,150
81.101929,39,150
81.150497,39,150
81.198967,39,150
81.249062,40,149
81.298912,38,151
81.347702,39,150
81.395462,39,150
81.442886,39,150
81.488777,39,150
81.535461,39,150
81.584709,39,150
81.632721,39,150
81.679779,39,150
81.72892,39,150
81.774796,39,150
81.823967,39,150
81.871452,39,150
81.919456,39,150
81.964539,39,150
82.015251,39,150
82.064224,39,150
82.110359,39,150
82.156967,39,150
82.203125,39,150
82.248512,39,150
82.304276,40,149
82.352486,40,149
82.400887,40,149
82.447655,40,149
82.493118,40,149
82.544891,40,149
82.592575,40,149
82.639297,40,149
82.686661,40,149
82.735695,40,149
82.786415,40,149
82.834602,40,149
82.88324,40,149
82.929405,40,149
82.975494,40,149
83.023026,40,149
83.075424,39,149
83.122032,39,149
83.170135,39,149
83.217278,39,149
83.266159,39,149
83.320244,39,149
83.366234,39,149
83.412247,39,149
83.460526,39,149
83.511215,39,149
83.558434,39,149
83.605324,39,149
83.653168,39,149
83.700684,39,149
83.75631,39,149
83.805458,39,149
83.852394,39,149
83.898994,39,149
83.946976,39,149
83.995758,39,149
84.04715,38,149
84.099289,38,149
84.145477,37,149
84.19558,37,149
84.244987,37,149
84.29567,37,149
84.355858,37,149
84.401367,37,149
84.452553,36,149
84.510948,36,149
84.55703,36,149
84.603851,35,149
84.656906,35,149
84.704605,35,149
84.751732,35,149
84.798767,35,149
84.845215,35,149
84.894058,35,149
84.94265,35,149
84.990005,35,149
85.036957,35,149
85.086472,35,149
85.134201,35,149
85.181259,35,149
85.228645,35,149
85.275398,35,149
85.325134,35,149
85.380066,35,149
85.425705,35,149
85.471184,35,149
85.517639,36,149
85.570709,36,149
85.618546,36,149
85.666512,36,149
85.712929,36,149
85.760307,36,149
85.808571,36,149
85.858604,36,149
85.907768,35,149
85.956383,35,149
86.000877,35,149
86.047066,35,149
86.099335,35,149
86.148239,35,149
86.194565,35,149
86.239861,35,149
86.284851,35,149
86.335625,35,149
86.389366,35,149
86.437775,34,150
86.483437,34,150
86.529457,34,150
86.577209,34,150
86.624542,34,150
86.674797,34,150
86.721039,34,150
86.767181,34,150
86.817131,34,150
86.865181,34,150
86.913445,33,151
86.963783,33,151
87.010193,33,151
87.062874,33,151
87.110168,33,151
87.155853,33,151
87.201637,33,151
87.251106,33,151
87.299675,33,151
87.346199,33,151
87.392136,33,151
87.438148,33,151
87.484749,33,151
87.533318,33,151
87.579971,33,151
87.625511,33,151
87.670784,33,151
87.716866,33,151
87.766136,33,151
87.814224,33,151
87.860214,33,151
87.907394,33,151
87.955124,33,151
88.002785,33,151
88.050087,33,151
88.098312,33,151
88.14502,33,151
88.190804,33,151
88.238365,33,151
88.284531,33,151
88.332878,33,151
88.381447,33,151
88.432693,33,151
88.480728,33,151
88.526627,33,151
88.571259,33,151
88.617882,33,151
88.665565,33,151
88.715019,33,151
88.761436,33,151
88.807358,33,151
88.854927,33,151
88.901527,33,151
88.952271,33,151
89.001099,33,151
89.049675,33,151
89.095802,33,151
89.141663,33,151
89.190353,33,151
89.237877,33,151
89.28582,33,151
89.334114,33,151
89.381371,33,151
89.431702,33,151
89.476974,33,151
89.526695,33,151
89.573883,33,151
89.623108,33,151
89.684586,33,151
89.73259,33,151
89.777176,33,151
89.82579,33,151
89.874237,33,151
89.921585,33,151
89.966362,33,151
90.01458,33,151
90.058403,33,151
90.108574,33,151
90.156082,33,151
90.202614,33,151
90.247253,33,151
90.292786,33,151
90.340416,33,151
90.390495,33,151
90.441002,33,151
90.486122,33,151
90.530632,33,151
90.579185,33,151
90.624214,33,151
90.671463,33,151
90.719017,33,151
90.765228,33,151
90.812782,33,151
90.859673,33,151
90.906731,33,151
90.955582,33,151
91.001373,33,151
91.050072,33,151
91.097321,33,151
91.142632,33,151
91.189888,33,151
91.238625,33,151
91.287498,33,151
91.337311,33,151
91.383652,33,151
91.430305,33,151
91.475739,33,151
91.52684,33,151
91.573372,33,151
91.622841,33,151
91.668808,33,151
91.714355,33,151
91.763725,33,151
91.814285,33,151
91.858978,33,151
91.906204,33,151
91.95182,33,151
92.000305,33,151
92.04734,33,151
92.097229,33,151
92.145454,33,151
92.190529,33,151
92.238716,33,151
92.288055,33,151
92.335419,33,151
92.384491,33,151
92.430984,33,151
92.484543,33,151
92.532104,33,151
92.577896,33,151
92.623795,33,151
92.67215,33,151
92.720573,33,151
92.76989,33,151
92.816612,33,151
92.863647,33,151
92.908302,33,151
92.958015,33,151
93.005287,33,151
93.051903,33,151
93.098969,33,151
93.145676,33,151
93.194389,33,151
93.244164,33,151
93.290398,33,151
93.338272,33,151
93.385658,33,151
93.433929,33,151
93.480476,33,151
93.52903,33,151
93.576141,33,151
93.622917,33,151
93.672653,33,151
93.720436,33,151
93.766792,33,151
93.815201,33,151
93.863358,33,151
93.91256,33,151
93.961876,33,151
94.009758,33,151
94.057762,33,151
94.107162,33,151
94.157097,33,151
94.205681,33,151
94.252609,33,151
94.299377,33,151
94.3452,33,151
94.395508,33,151
94.444138,33,151
94.491806,33,151
94.539062,33,151
94.584496,33,151
94.632431,33,151
94.683243,33,151
94.730621,33,151
94.777817,33,151
94.824814,33,151
94.876854,33,151
94.924896,33,151
94.975006,33,151
95.021149,33,151
95.068611,33,151
95.117683,33,151
95.165749,33,151
95.212845,33,151
95.262093,33,151
95.309723,33,151
95.358276,33,151
95.405403,33,151
95.451782,33,151
95.498589,33,151
95.555313,33,151
95.608643,33,151
95.659645,33,151
95.706421,33,151
95.753761,33,151
95.80085,33,151
95.855621,33,151
95.904526,33,151
95.959244,33,151
96.006981,33,151
96.057625,33,151
96.106621,33,151
96.157654,33,151
96.205307,33,151
96.252579,33,151
96.303665,33,151
96.35257,33,151
96.405296,33,151
96.459816,33,151
96.511803,33,151
96.562889,33,151
96.613815,33,151
96.663391,33,151
96.712723,33,151
96.762856,33,151
96.814148,33,151
96.872543,33,151
96.921997,33,151
96.969093,33,151
97.015366,33,151
97.063744,33,151
97.108971,33,151
97.160614,33,151
97.208664,33,151
97.255051,33,151
97.301292,33,151
97.349922,33,151
97.39904,33,151
97.448105,33,151
97.496841,33,151
97.548798,33,151
97.595398,33,151
97.645775,33,151
97.693306,33,151
97.737823,33,151
97.783661,33,151
97.83017,33,151
97.881126,33,151
97.929047,33,151
97.977066,33,151
98.022003,33,151
98.066658,33,151
98.116676,33,151
98.164131,33,151
98.210823,33,151
98.25666,33,151
98.301338,33,151
98.350716,33,151
98.39756,33,151
98.442665,33,151
98.488678,33,151
98.533653,33,151
98.582657,33,151
98.629524,33,151
98.673454,33,151
98.71904,33,151
98.768608,33,151
98.818459,33,151
98.866516,33,151
98.913437,33,151
98.959251,33,151
99.005554,33,151
99.054703,33,151
99.101768,33,151
99.146507,33,151
99.192093,33,151
99.235893,32,152
99.282265,32,152
99.331589,32,152
99.376045,32,152
99.421928,32,152
99.467651,32,152
99.51577,32,152
99.564217,32,152
99.613243,31,153
99.65873,31,153
99.706047,31,153
99.755585,31,153
99.800705,31,153
99.846199,31,153
99.892776,31,153
99.936455,31,153
99.985283,31,153
100.033028,30,154
100.077332,30,154
100.123405,30,154
100.170326,29,155
100.219376,29,155
100.265091,29,155
100.310707,29,155
100.355751,29,155
100.400826,29,155
100.450401,29,155
100.496887,29,155
100.542618,29,155
100.587898,29,155
100.632141,29,155
100.681274,29,155
100.729683,29,155
100.77401,29,155
100.818665,29,155
100.863159,29,155
100.911987,29,155
100.959625,29,155
101.008179,29,155
101.057594,29,155
101.104149,29,155
101.154808,30,154
101.201828,30,154
101.246452,30,154
101.294998,30,153
101.345673,30,153
101.394447,30,153
101.440628,30,153
101.485687,30,153
101.533089,30,153
101.580772,30,153
101.628593,30,153
101.680786,30,153
101.725868,30,153
101.769714,30,153
101.816338,30,153
101.866737,30,153
101.913467,30,153
101.959335,30,153
102.005775,30,153
102.051773,30,153
102.101982,30,153
102.151505,30,153
102.204872,30,153
102.251114,30,153
102.295517,30,153
102.343704,30,153
102.39016,30,153
102.438736,30,153
102.48468,30,153
102.529533,30,153
102.582222,31,152
102.630013,31,152
102.677109,29,152
102.730415,29,152
102.780243,29,152
102.827568,29,152
102.873947,29,152
102.921257,29,152
102.968384,29,152
103.021011,29,152
103.068497,29,152
103.116837,29,152
103.164085,29,152
103.209854,30,151
103.258278,30,151
103.307755,30,151
103.355385,30,151
103.404617,30,151
103.453941,30,151
103.504013,30,151
103.553665,30,151
103.601784,30,151
103.649422,30,151
103.701256,30,151
103.750038,30,151
103.79586,30,151
103.844391,30,151
103.892487,30,151
103.938881,30,151
103.986702,30,151
104.032173,30,151
104.076485,30,151
104.122383,30,151
104.168961,30,151
104.21743,30,151
104.262573,30,151
104.307861,30,151
104.353302,30,151
104.396683,30,151
104.447289,30,151
104.493782,30,151
104.539093,30,151
104.584305,30,151
104.628326,30,151
104.674812,30,151
104.721191,30,151
104.767166,30,151
104.811684,30,151
104.855927,31,151
104.906898,31,151
104.953506,31,151
105.001518,31,151
105.046417,31,151
105.090729,31,151
105.137711,31,151
105.184204,31,151
105.230164,31,151
105.277603,31,151
105.325226,31,151
105.371788,31,151
105.416954,31,151
105.461342,31,151
105.508064,31,151
105.557404,31,151
105.605118,31,151
105.653969,31,151
105.699051,31,151
105.750877,31,151
105.796577,31,151
105.846153,31,151
105.892387,31,151
105.93808,31,151
105.983711,31,151
106.031746,31,151
106.079781,31,151
106.128815,31,151
106.175255,31,151
106.220932,31,151
106.266594,31,151
106.318222,31,151
106.36451,31,151
106.41423,31,151
106.461182,31,151
106.507645,31,151
106.556747,31,151
106.604637,31,151
106.651062,31,151
106.697586,31,151
106.743126,31,151
106.793137,31,151
106.838974,31,151
106.88575,31,151
106.930992,31,151
106.979767,31,151
107.028816,31,151
107.076897,31,151
107.124031,31,151
107.169464,31,151
107.214752,31,151
107.266792,31,151
107.315659,31,151
107.361687,31,151
107.411064,31,151
107.456802,31,151
107.508476,31,151
107.557167,31,151
107.603165,31,151
107.649078,31,151
107.695778,31,151
107.745964,31,151
107.793816,31,151
107.843864,31,151
107.889503,31,151
107.936714,31,151
107.984749,31,151
108.031303,31,151
108.077866,31,151
108.125618,31,151
108.171883,31,151
108.220932,31,151
108.267311,31,151
108.313446,31,151
108.358986,31,151
108.406761,31,151
108.455925,31,151
108.504173,31,151
108.550949,31,151
108.597237,31,151
108.644737,31,151
108.696213,31,151
108.742378,31,151
108.787529,31,151
108.833626,31,151
108.879913,31,151
108.927185,31,151
108.975517,31,151
109.020058,31,151
109.065811,31,151
109.111855,31,151
109.162544,31,151
109.210037,31,151
109.256866,31,151
109.303635,31,151
109.355415,31,151
109.403931,31,151
109.451241,31,151
109.496468,31,151
109.544823,31,151
109.591171,31,151
109.638603,31,151
109.685532,31,151
109.733467,31,151
109.778526,31,151
109.825813,31,151
109.88488,31,151
109.932602,31,151
109.979362,31,151
110.026978,31,151
110.074524,31,151
110.123505,31,151
110.169006,31,151
110.215164,31,151
110.26004,31,151
110.309158,31,151
110.354462,31,151
110.401794,31,151
110.447327,31,151
110.492165,31,151
110.538605,31,151
110.584412,31,151
110.628548,31,151
110.678329,31,151
110.724251,31,151
110.77179,31,151
110.817612,31,151
110.865547,31,151
110.910263,31,151
110.95668,30,151
111.010361,30,151
111.057579,30,151
111.105232,30,151
111.151192,30,151
111.196579,30,151
111.24659,30,151
111.292946,30,151
111.33712,30,151
111.381226,30,151
111.426399,30,151
111.474022,30,151
111.523232,30,151
111.566833,30,151
111.612434,30,151
111.656746,30,151
111.707588,30,151
111.755249,30,151
111.802002,30,151
111.847977,30,151
111.892509,30,151
111.945572,30,151
112.073677,30,151
112.117302,30,151
112.164986,30,151
112.209846,30,151
112.252243,30,151
112.296593,30,151
112.344254,30,151
112.390739,31,151
112.457703,31,151
112.501671,31,151
112.54631,31,151
112.593475,31,151
112.639702,31,151
112.684128,31,151
112.73156,31,151
112.775002,31,151
112.823227,31,151
112.867638,31,151
112.91362,31,151
112.963074,31,151
113.009361,31,151
113.057449,31,151
113.10392,31,151
113.146629,31,151
113.190353,31,151
113.234787,31,151
113.283813,31,151
113.328934,31,151
113.373459,31,151
113.417191,31,151
113.461731,31,151
113.509903,31,151
113.558022,31,151
113.604736,31,151
113.649155,31,151
113.693977,31,151
113.743301,31,151
113.790062,31,151
113.83567,31,151
113.880219,31,151
113.923851,31,151
113.971237,31,151
114.019775,31,151
114.064995,31,151
114.113007,31,151
114.15789,31,151
114.204704,31,151
114.251762,31,151
114.296989,31,151
114.342911,31,151
114.389366,31,151
114.439964,31,151
114.486984,31,151
114.533707,32,151
114.584045,32,151
114.62973,32,151
114.679626,32,151
114.728127,32,151
114.773666,32,151
114.818283,32,151
114.863739,32,151
114.91272,32,151
114.961884,32,151
115.01339,32,151
115.05793,32,151
115.101868,32,151
115.151466,32,151
115.199028,32,151
115.246475,32,151
115.293709,32,151
115.337463,32,151
115.386154,32,151
115.434372,32,151
115.481377,32,151
115.528008,32,151
115.573158,32,151
115.61953,32,151
115.664436,32,151
115.709854,32,151
115.755234,32,151
115.805626,33,151
115.85865,33,151
115.905876,33,151
115.95134,33,151
115.99733,32,151
116.052361,32,151
116.103027,32,151
116.154694,32,151
116.199623,32,151
116.247574,32,151
116.295807,32,151
116.351387,32,151
116.399384,31,151
116.45182,31,151
116.497864,31,151
116.546143,31,151
116.592171,31,151
116.638268,31,151
116.687225,31,151
116.733871,31,151
116.781921,31,151
116.83255,31,151
116.876839,31,151
116.922493,31,151
116.970497,31,151
117.018196,31,151
117.071129,31,151
117.115753,31,151
117.160095,31,151
117.20536,31,151
117.257927,31,151
117.306404,31,151
117.35363,31,151
117.40023,31,151
117.445602,31,151
117.493263,31,151
117.543617,31,151
117.58786,31,151
117.633026,31,151
117.679489,31,151
117.728432,31,151
117.778816,31,151
117.826408,31,151
117.872154,31,151
117.918083,31,151
117.967758,31,151
118.016441,31,151
118.064888,31,151
118.119255,31,151
118.169197,31,151
118.21637,31,151
118.264015,31,151
118.310242,31,151
118.357628,31,151
118.408569,31,151
118.457504,31,151
118.504333,31,151
118.551552,31,151
118.597504,31,151
118.648193,31,151
118.695847,31,151
118.742226,31,151
118.788017,31,151
118.834106,31,151
118.88131,31,151
118.927368,31,151
118.974358,31,151
119.020866,31,151
119.066216,31,151
119.116974,31,151
119.166077,31,151
119.21283,31,151
119.26059,31,151
119.306999,31,151
119.356377,31,151
119.404839,31,151
119.451401,31,151
119.49675,31,151
119.544487,31,151
119.593628,31,151
119.642471,31,151
119.688896,31,151
119.73703,31,151
119.784515,31,151
119.834518,31,151
119.881439,31,151
119.929909,31,151
119.978439,31,151
120.025429,31,151
120.076401,31,151
120.125908,31,151
120.172821,31,151
120.218521,31,151
120.265617,31,151
120.315552,31,151
120.364471,31,151
120.412971,31,151
120.46167,31,151
120.507378,31,151
120.557648,31,151
120.604645,31,151
120.650467,31,151
120.696419,31,151
120.742111,31,151
120.791641,31,151
120.837227,31,151
120.882309,31,151
120.92717,31,151
120.97509,31,151
121.0224,31,151
121.069481,31,151
121.118149,31,151
121.164528,31,151
121.212914,31,151
121.262527,31,151
121.314964,31,151
121.36451,31,151
121.414101,31,151
121.462814,31,151
121.510315,31,151
121.55748,31,151
121.604378,31,151
121.651108,31,151
121.700539,31,151
121.747437,31,151
121.795433,31,151
121.84346,31,151
121.889771,31,151
121.940651,31,151
121.987938,31,151
122.033691,31,151
122.07946,31,151
122.127403,31,151
122.175438,31,151
122.221603,31,151
122.2659,31,151
122.312592,31,151
122.360046,31,151
122.41275,32,150
122.461639,32,150
122.506508,32,150
122.552475,32,150
122.597542,32,150
122.645477,32,150
122.696739,32,150
122.744156,32,150
122.790794,32,150
122.845619,33,149
122.895302,33,149
122.94342,33,149
122.993164,33,149
123.043701,33,149
123.096909,33,149
123.148544,33,149
123.197411,33,149
123.243805,33,149
123.296326,33,149
123.344681,33,149
123.39473,33,149
123.440651,33,149
123.48867,33,149
123.535149,33,149
123.584862,33,149
123.637283,33,149
123.686844,33,149
123.734741,33,149
123.786163,33,149
123.836975,33,149
123.88932,33,149
123.939049,33,149
123.987442,33,149
124.038094,33,149
124.089218,33,149
124.13797,33,149
124.188957,33,149
124.245438,33,149
124.294464,33,149
124.341553,33,149
124.389702,33,149
124.439957,33,149
124.491966,33,149
124.539932,33,149
124.588165,33,149
124.636444,33,149
124.688812,33,149
124.737648,33,149
124.792,33,149
124.840805,33,149
124.894562,32,149
124.940178,32,149
124.987061,32,149
125.035439,32,149
125.085274,32,149
125.138664,32,149
125.187981,31,149
125.238174,31,149
125.290993,31,149
125.340462,31,149
125.388947,31,149
125.436272,31,149
125.483521,31,149
125.5326,31,149
125.586411,31,149
125.635483,31,149
125.685509,31,149
125.732178,31,149
125.779274,31,149
125.828835,31,149
125.876038,31,149
125.921661,31,149
125.970085,31,149
126.017166,31,149
126.069267,31,149
126.118019,31,149
126.166084,31,149
126.216873,31,149
126.265144,31,149
126.316544,31,149
126.365425,31,149
126.411743,31,149
126.458237,31,149
126.505402,31,149
126.556763,31,149
126.606079,31,149
126.652718,30,149
126.702431,30,149
126.750328,30,149
126.800011,30,149
126.849266,30,149
126.895111,30,149
126.941238,30,149
126.98822,30,149
127.037567,30,149
127.083755,30,149
127.132393,30,149
127.178253,30,149
127.225357,30,149
127.272926,30,149
127.325874,30,149
127.371811,30,149
127.419289,30,149
127.46891,30,149
127.519196,30,149
127.566879,30,149
127.614563,30,149
127.658272,30,149
127.70607,30,149
127.753616,30,149
127.799347,30,149
127.845787,30,149
127.891769,30,149
127.93634,30,149
127.987114,30,149
128.036301,30,149
128.082764,30,149
128.128098,30,149
128.17453,30,149
128.22348,30,149
128.272781,30,149
128.321747,30,149
128.366974,30,149
128.414658,30,149
128.465347,30,149
128.512589,30,149
128.559021,30,149
128.604782,30,149
128.65123,30,149
128.69809,30,149
128.745636,30,149
128.792404,30,149
128.841675,30,149
128.887497,30,149
128.938019,30,149
128.984329,30,149
129.029419,30,149
129.075333,30,149
129.125854,30,149
129.173737,30,149
129.221207,30,149
129.267426,30,149
129.313965,30,149
129.359299,30,149
129.409439,30,149
129.455597,30,149
129.50206,30,149
129.546936,30,149
129.591797,30,149
129.638748,30,149
129.687119,30,149
129.731842,30,149
129.78096,30,149
129.827393,30,149
129.876968,30,149
129.924072,30,149
129.971359,30,149
130.018402,30,149
130.064438,30,149
130.113907,30,149
130.163712,30,149
130.21167,30,149
130.258072,30,149
130.305557,30,149
130.355072,30,149
130.402206,30,149
130.450455,30,149
130.496811,30,149
130.545074,30,149
130.594406,30,149
130.641083,30,149
130.686737,30,149
130.731628,30,149
130.780579,30,149
130.829926,30,149
130.879486,30,149
130.924515,30,149
130.971024,30,149
131.015976,30,149
131.06517,30,149
131.114166,30,149
131.161591,30,149
131.206848,30,149
131.253387,30,149
131.303558,30,149
131.350449,31,148
131.398926,31,148
131.445419,31,148
131.491745,31,148
131.540802,30,149
131.587555,30,149
131.633316,30,149
131.680893,31,148
131.727081,31,148
131.776047,31,148
131.823975,31,148
131.870621,31,148
131.915833,31,148
131.962265,31,148
132.009979,31,148
132.055786,31,148
132.10051,30,149
132.147552,30,149
132.193192,30,149
132.242233,29,150
132.2901,29,150
132.335251,29,150
132.381821,29,150
132.426025,29,150
132.474121,29,150
132.524292,29,150
132.570312,29,150
132.616364,29,150
132.663513,29,150
132.712631,29,150
132.759491,29,150
132.805817,29,150
132.851212,29,150
132.895996,29,150
132.941391,29,150
132.986847,30,149
133.032394,30,149
133.078522,30,149
133.124435,30,149
133.174088,30,149
133.219833,30,149
133.266647,30,149
133.31282,30,149
133.358597,30,149
133.407425,30,149
133.453125,30,149
133.498047,30,149
133.544342,31,148
133.590591,31,148
133.639694,31,148
133.686264,30,149
133.731079,30,149
133.777237,30,149
133.822601,29,150
133.872208,29,150
133.921371,29,150
133.967514,29,150
134.01387,29,150
134.058609,29,150
134.106171,29,150
134.153824,29,150
134.200226,29,150
134.245529,29,150
134.290771,29,150
134.339005,29,150
134.385925,29,150
134.431564,29,150
134.478897,29,150
134.524857,29,150
134.57486,29,150
134.62233,29,150
134.668793,29,150
134.714554,29,150
134.762985,29,150
134.812057,28,151
134.857208,28,151
134.904114,28,151
134.949493,28,151
134.99733,28,151
135.046204,28,151
135.092865,28,151
135.137939,28,151
135.184616,28,151
135.230301,29,150
135.278091,29,150
135.326981,28,151
135.373108,28,151
135.417969,28,151
135.4655,28,151
135.514496,29,151
135.572861,29,151
135.619583,29,151
135.666214,29,151
135.714157,29,151
135.761169,29,151
135.806595,29,151
135.852646,29,151
135.900482,30,150
135.949417,31,149
135.99649,30,150
136.04216,30,150
136.087234,30,150
136.132767,30,150
136.182129,30,150
136.229828,30,150
136.276291,30,150
136.324875,30,150
136.369522,30,150
136.418793,30,150
136.466721,30,150
136.51268,30,150
136.557709,29,151
136.602859,29,151
136.652542,30,150
136.699615,30,150
136.746826,30,150
136.793335,30,150
136.838013,30,150
136.886597,30,150
136.934891,30,150
136.979904,30,150
137.026443,30,150
137.072281,30,150
137.120743,30,150
137.166702,30,150
137.213943,30,150
137.260452,30,150
137.308472,30,150
137.357849,30,150
137.402496,30,150
137.449295,30,150
137.495743,30,150
137.539764,30,150
137.592911,30,150
137.640228,30,150
137.684204,30,150
137.728333,30,150
137.774521,30,150
137.824966,30,150
137.873428,30,150
137.919052,30,150
137.965485,30,150
138.010254,30,150
138.06926,30,150
138.116531,30,150
138.164383,30,150
138.209732,30,150
138.254959,30,150
138.305359,30,150
138.353607,30,150
138.399368,30,150
138.447357,30,150
138.494049,30,150
138.545822,30,150
138.594452,30,150
138.64415,30,150
138.692734,30,150
138.741714,30,150
138.796295,30,150
138.846268,29,150
138.895218,29,150
138.94162,29,150
138.98819,29,150
139.038773,29,150
139.086639,29,150
139.134399,29,150
139.181473,29,150
139.228943,29,150
139.277939,29,150
139.326996,29,150
139.375427,29,150
139.42215,29,150
139.467285,29,150
139.517181,29,150
139.566544,29,150
139.613525,29,150
139.664291,29,150
139.709564,29,150
139.762589,29,150
139.809814,29,150
139.854782,29,150
139.901947,29,150
139.948196,29,150
139.998123,29,150
140.046432,29,150
140.093781,29,150
140.141037,29,150
140.187866,29,150
140.237946,29,150
140.285294,29,150
140.330978,29,150
140.377884,29,150
140.424408,29,150
140.476425,29,150
140.525818,29,150
140.572617,29,150
140.616379,29,150
140.662613,29,150
140.715012,29,150
140.76506,29,150
140.811646,29,150
140.856583,29,150
140.902451,29,150
140.950272,29,150
140.996719,29,150
141.044159,29,150
141.091507,29,150
141.138611,29,150
141.187561,29,150
141.237289,29,150
141.287964,29,150
141.33786,29,150
141.385025,29,150
141.434021,29,150
141.482849,29,150
141.529587,29,150
141.575378,29,150
141.623428,29,150
141.675415,29,150
141.723831,29,150
141.768982,29,150
141.817429,29,150
141.864777,29,150
141.915909,29,150
141.96312,29,150
142.009033,29,150
142.053879,29,150
142.101639,30,150
142.155212,30,150
142.204788,30,150
142.250458,30,150
142.297607,30,150
142.344147,30,150
142.396118,30,150
142.447311,30,150
142.494507,30,150
142.539734,30,150
142.587585,30,150
142.638214,30,150
142.692352,30,150
142.736969,30,150
142.796829,30,150
142.845963,30,150
142.892609,30,150
142.937347,30,150
142.983566,30,150
143.028061,30,150
143.077286,30,150
143.123047,30,150
143.170654,30,150
143.218567,30,150
143.270737,30,150
143.322281,30,150
143.371719,30,150
143.419022,30,150
143.465836,30,150
143.512238,30,150
143.563843,30,150
143.610519,30,150
143.6586,30,150
143.710724,30,150
143.75882,30,150
143.808823,30,150
143.857391,30,150
143.904526,30,150
143.954041,30,150
144.001221,30,150
144.050674,30,150
144.097061,30,150
144.144669,30,150
144.192093,30,150
144.241226,30,150
144.291214,30,150
144.339539,30,150
144.387024,30,150
144.433517,30,150
144.479446,30,150
144.531082,30,150
144.578339,30,150
144.626709,30,150
144.672745,30,150
144.725754,30,150
144.774643,30,150
144.824661,30,150
144.871536,30,150
144.919037,30,150
144.966446,30,150
145.020813,30,150
145.068497,30,150
145.117981,30,150
145.165054,30,150
145.211197,30,150
145.262527,30,150
145.3134,30,150
145.3582,30,150
145.406769,30,150
145.453537,30,150
145.504578,30,150
145.55188,30,150
145.600067,30,150
145.650574,30,150
145.700058,30,150
145.759644,30,150
145.807236,30,150
145.854355,30,150
145.903152,30,150
145.951294,30,150
146.000992,30,150
146.048965,30,150
146.097748,29,150
146.143539,29,150
146.191681,29,150
146.237488,29,150
146.286316,29,150
146.331726,29,150
146.377701,29,150
146.427612,29,150
146.474884,29,150
146.520981,29,150
146.567581,29,150
146.613342,29,150
146.662643,29,150
146.709229,29,150
146.760391,29,150
146.806412,29,150
146.853745,29,150
146.903244,29,150
146.949249,29,150
146.996078,29,150
147.041626,29,150
147.08754,29,150
147.137604,29,150
147.18663,29,150
147.232574,29,150
147.283508,29,150
147.329971,29,150
147.380096,29,150
147.436737,29,150
147.484787,29,150
147.528625,29,150
147.575912,29,150
147.625015,29,150
147.673477,29,150
147.721115,29,150
147.767975,29,150
147.815231,29,150
147.863892,29,150
147.910553,29,150
147.956146,29,150
148.005447,29,150
148.05278,29,150
148.100311,29,150
148.146484,29,150
148.195679,29,150
148.242432,29,150
148.292389,29,150
148.341202,29,150
148.386856,29,150
148.433121,29,150
148.478638,29,150
148.523972,29,150
148.57341,29,150
148.620148,29,150
148.670776,29,150
148.72229,29,150
148.7742,29,150
148.830154,29,150
148.885513,29,150
148.937546,29,150
148.986633,29,150
149.040039,29,150
149.084839,29,150
149.128769,29,150
149.173782,29,150
149.218185,29,150
149.266861,29,150
149.314438,29,150
149.361206,29,150
149.40509,29,150
149.453491,29,150
149.50058,29,150
149.545135,29,150
149.590057,29,150
149.634399,29,150
149.678238,29,150
149.726776,29,150
149.774673,29,150
149.821091,29,150
149.86528,29,150
149.910858,29,150
149.959167,29,150
150.007828,29,150
150.055878,29,150
150.100037,29,150
150.144867,29,150
150.192383,29,150
150.239197,29,150
150.286224,29,150
150.334244,29,150
150.378204,29,150
150.426147,29,150
150.473343,29,150
150.517914,29,150
150.565216,29,150
150.609894,29,150
150.65889,29,150
150.705597,29,150
150.750137,29,150
150.796478,29,150
150.842743,29,150
150.892227,29,150
150.939529,29,150
150.986115,29,150
151.034042,29,150
151.081238,29,150
151.133194,29,150
151.181259,29,150
151.22905,29,150
151.273911,29,150
151.321091,29,150
151.368317,29,150
151.418152,29,150
151.467056,29,150
151.514038,29,150
151.560791,29,150
151.608124,29,150
151.656204,29,150
151.70282,29,150
151.747238,29,150
151.793457,29,150
151.84198,29,150
151.888443,29,150
151.933731,29,150
151.979553,29,150
152.025238,29,150
152.073898,29,150
152.119995,29,150
152.165024,29,150
152.211609,29,150
152.25737,29,150
152.307236,29,150
152.354614,29,150
152.399811,29,150
152.444778,29,150
152.491241,29,150
152.543716,29,150
152.591827,29,150
152.638794,29,150
152.686234,29,150
152.735291,29,150
152.78511,29,150
152.832718,29,150
152.878265,29,150
152.92511,29,150
152.973816,29,150
153.025284,29,150
153.073685,29,150
153.12352,29,150
153.170761,29,150
153.219666,29,150
153.273132,29,150
153.321106,29,150
153.366882,29,150
153.41301,29,150
153.459091,29,150
153.506317,29,150
153.553787,29,150
153.600113,29,150
153.647522,29,150
153.695496,29,150
153.744476,29,150
153.791855,29,150
153.837769,29,150
153.88501,29,150
153.931961,29,150
153.981262,29,150
154.028397,29,150
154.074661,29,150
154.12326,29,150
154.16864,29,150
154.215729,29,150
154.265823,29,150
154.313934,29,150
154.36058,29,150
154.406876,29,150
154.456223,29,150
154.504776,29,150
154.552567,29,150
154.598038,29,150
154.647202,29,150
154.696732,29,150
154.746597,29,150
154.793457,29,150
154.842102,29,150
154.889206,29,150
154.937912,29,150
154.986679,29,150
155.032608,29,150
155.078064,29,150
155.12587,29,150
155.174759,29,150
155.222168,29,150
155.267654,29,150
155.315781,29,150
155.361282,29,150
155.410583,29,150
155.457581,29,150
155.505722,29,150
155.554718,29,150
155.60556,29,150
155.658951,29,150
155.710464,29,150
155.755997,29,150
155.801437,29,150
155.846924,29,150
155.895859,29,150
155.944107,29,150
155.99292,29,150
156.043289,29,150
156.088516,29,150
156.139664,29,150
156.187546,29,150
156.233505,29,150
156.281204,29,150
156.331757,29,150
156.384125,29,150
156.430466,29,150
156.47995,29,150
156.527237,29,150
156.575989,29,150
156.627548,29,150
156.676285,29,150
156.722076,29,150
156.767609,29,150
156.813004,29,150
156.863144,29,150
156.910004,29,150
156.957291,29,150
157.002274,29,150
157.04892,29,150
157.096237,29,150
157.145248,29,150
157.189651,29,150
157.236832,29,150
157.283875,29,150
157.333862,29,150
157.379272,29,150
157.425812,29,150
157.471298,29,150
157.516327,29,150
157.564224,29,150
157.610229,29,150
157.654678,29,150
157.701752,29,150
157.746902,29,150
157.798203,29,150
157.844742,29,150
157.890976,29,150
157.936462,29,150
157.984329,29,150
158.034607,29,150
